account_id,final_score,flagged_txns,ring_id,action,reason
A0354,1.0,2,,HOLD and verify with customer,very high-risk transaction; unusual item (flight_ticket); unusual hour (02:00); large amount (589)
A0284,1.0,3,,HOLD and verify with customer,very high-risk transaction; unusual item (gift_card); unusual hour (01:00); unusual merchant (giftcards)
A0492,1.0,3,,HOLD and verify with customer,very high-risk transaction; unusual item (flight_ticket); unusual hour (02:00); 2 other transactions in the last hour
A0247,1.0,2,,HOLD and verify with customer,very high-risk transaction; unusual item (flight_ticket); unusual hour (02:00); unusual merchant (giftcards)
R003,1.0,12,R1,FREEZE and investigate (member of R1),member of fraud ring R1; unusual item (prepaid_card); unusual merchant (prepaid); device shared by 8 accounts
R002,1.0,12,R1,FREEZE and investigate (member of R1),member of fraud ring R1; unusual item (prepaid_card); unusual merchant (prepaid); device shared by 8 accounts
A0365,1.0,3,,HOLD and verify with customer,very high-risk transaction; unusual item (flight_ticket); unusual hour (04:00); 2 other transactions in the last hour
A0404,1.0,2,,HOLD and verify with customer,very high-risk transaction; unusual item (flight_ticket); unusual hour (01:00); unusual merchant (giftcards)
A0418,1.0,3,,HOLD and verify with customer,very high-risk transaction; unusual item (flight_ticket); unusual hour (03:00); unusual merchant (giftcards)
A0431,1.0,3,,HOLD and verify with customer,very high-risk transaction; unusual item (gift_card); unusual hour (03:00); unusual merchant (giftcards)
A0462,1.0,2,,HOLD and verify with customer,very high-risk transaction; unusual item (flight_ticket); unusual hour (03:00); large amount (422)
A0262,1.0,3,,HOLD and verify with customer,very high-risk transaction; unusual item (flight_ticket); unusual hour (04:00); unusual merchant (giftcards)
A0261,1.0,3,,HOLD and verify with customer,very high-risk transaction; unusual item (flight_ticket); unusual hour (02:00); unusual merchant (giftcards)
A0097,1.0,2,,HOLD and verify with customer,very high-risk transaction; unusual item (flight_ticket); unusual hour (04:00); large amount (453)
A0135,1.0,3,,HOLD and verify with customer,very high-risk transaction; unusual item (gift_card); unusual hour (01:00); unusual merchant (giftcards)
A0222,1.0,3,,HOLD and verify with customer,very high-risk transaction; unusual item (gift_card); unusual hour (01:00); unusual merchant (giftcards)
A0246,1.0,3,,HOLD and verify with customer,very high-risk transaction; unusual item (flight_ticket); unusual hour (04:00); 2 other transactions in the last hour
R008,1.0,12,R1,FREEZE and investigate (member of R1),member of fraud ring R1; unusual item (game_credits); unusual merchant (digital_goods); device shared by 8 accounts
R006,1.0,12,R1,FREEZE and investigate (member of R1),member of fraud ring R1; unusual item (prepaid_card); unusual merchant (prepaid); device shared by 7 accounts
R009,0.9999,12,R1,FREEZE and investigate (member of R1),member of fraud ring R1; unusual item (prepaid_card); unusual merchant (prepaid); device shared by 7 accounts
R007,0.9999,12,R1,FREEZE and investigate (member of R1),member of fraud ring R1; unusual item (game_credits); unusual merchant (digital_goods); device shared by 7 accounts
R005,0.9999,12,R1,FREEZE and investigate (member of R1),member of fraud ring R1; unusual item (prepaid_card); unusual merchant (prepaid); device shared by 7 accounts
A0341,0.9999,2,,HOLD and verify with customer,very high-risk transaction; unusual item (gift_card); unusual hour (01:00); large amount (910)
A0314,0.9999,3,,HOLD and verify with customer,very high-risk transaction; unusual item (gift_card); unusual hour (02:00); unusual merchant (giftcards)
A0276,0.9999,1,,HOLD and verify with customer,very high-risk transaction; unusual item (gift_card); unusual hour (04:00); unusual merchant (giftcards)
A0361,0.9999,3,,HOLD and verify with customer,very high-risk transaction; unusual item (gift_card); unusual hour (04:00); large amount (914)
A0386,0.9999,1,,HOLD and verify with customer,very high-risk transaction; unusual item (gift_card); unusual hour (02:00); large amount (400)
A0438,0.9999,3,,HOLD and verify with customer,very high-risk transaction; unusual item (gift_card); unusual hour (03:00); 2 other transactions in the last hour
A0001,0.9999,2,,HOLD and verify with customer,very high-risk transaction; unusual item (flight_ticket); unusual hour (02:00); 1 other transactions in the last hour
A0045,0.9999,1,,HOLD and verify with customer,very high-risk transaction; unusual item (gift_card); unusual hour (03:00); large amount (877)
A0041,0.9999,3,,HOLD and verify with customer,very high-risk transaction; unusual item (gift_card); unusual hour (01:00); unusual merchant (giftcards)
A0082,0.9999,2,,HOLD and verify with customer,very high-risk transaction; unusual item (gift_card); unusual hour (02:00); unusual merchant (giftcards)
A0069,0.9999,2,,HOLD and verify with customer,very high-risk transaction; unusual item (flight_ticket); unusual hour (02:00); large amount (845)
A0083,0.9999,3,,HOLD and verify with customer,very high-risk transaction; unusual item (gift_card); unusual hour (01:00); 2 other transactions in the last hour
A0049,0.9999,1,,HOLD and verify with customer,very high-risk transaction; unusual item (flight_ticket); unusual hour (01:00); large amount (850)
A0249,0.9999,3,,HOLD and verify with customer,very high-risk transaction; unusual item (gift_card); unusual hour (01:00); unusual merchant (giftcards)
A0232,0.9999,3,,HOLD and verify with customer,very high-risk transaction; unusual item (gift_card); unusual hour (01:00); unusual merchant (giftcards)
A0173,0.9999,2,,HOLD and verify with customer,very high-risk transaction; unusual item (flight_ticket); unusual hour (03:00); 1 other transactions in the last hour
R004,0.9999,12,R1,FREEZE and investigate (member of R1),member of fraud ring R1; unusual item (game_credits); unusual merchant (digital_goods); device shared by 8 accounts
R001,0.9999,12,R1,FREEZE and investigate (member of R1),member of fraud ring R1; unusual item (game_credits); unusual merchant (digital_goods); device shared by 8 accounts
R000,0.9999,12,R1,FREEZE and investigate (member of R1),member of fraud ring R1; unusual item (prepaid_card); unusual merchant (prepaid); device shared by 8 accounts
A0278,0.9999,2,,HOLD and verify with customer,very high-risk transaction; unusual item (gift_card); unusual hour (03:00); large amount (1895)
A0282,0.9999,2,,HOLD and verify with customer,very high-risk transaction; unusual item (gift_card); unusual hour (04:00); unusual merchant (giftcards)
A0168,0.9999,2,,HOLD and verify with customer,very high-risk transaction; unusual item (phone); unusual hour (04:00); unusual merchant (giftcards)
A0256,0.9999,2,,HOLD and verify with customer,very high-risk transaction; unusual item (flight_ticket); unusual hour (01:00); 1 other transactions in the last hour
A0337,0.9998,1,,HOLD and verify with customer,very high-risk transaction; unusual item (phone); unusual hour (03:00); unusual merchant (giftcards)
A0381,0.9998,1,,HOLD and verify with customer,very high-risk transaction; unusual item (gift_card); unusual hour (01:00); large amount (1767)
A0139,0.9997,1,,HOLD and verify with customer,very high-risk transaction; unusual item (flight_ticket); unusual hour (03:00); large amount (1016)
A0134,0.9996,1,,HOLD and verify with customer,very high-risk transaction; unusual item (phone); unusual hour (04:00); unusual merchant (giftcards)
A0248,0.999,1,,HOLD and verify with customer,very high-risk transaction; unusual item (phone); unusual hour (04:00); large amount (399)
A0109,0.4869,1,,MANUAL REVIEW,flagged transaction; unusual item (phone); large amount (1755); payout account shared by 0 accounts
A0484,0.4356,1,,MANUAL REVIEW,flagged transaction; unusual item (phone); large amount (1577); payout account shared by 0 accounts
A0455,0.4328,0,,MONITOR,"elevated risk score, below flag threshold"
A0000,0.2352,0,,NO ACTION,
A0189,0.2328,0,,NO ACTION,
A0171,0.2032,0,,NO ACTION,
A0387,0.203,0,,NO ACTION,
A0105,0.1077,0,,NO ACTION,
A0031,0.0917,0,,NO ACTION,
A0106,0.0817,0,,NO ACTION,
A0213,0.0689,0,,NO ACTION,
A0212,0.0569,0,,NO ACTION,
A0148,0.0551,0,,NO ACTION,
A0029,0.0524,0,,NO ACTION,
A0057,0.05,0,,NO ACTION,
A0362,0.048,0,,NO ACTION,
A0317,0.0477,0,,NO ACTION,
A0233,0.0443,0,,NO ACTION,
A0279,0.0412,0,,NO ACTION,
A0376,0.0378,0,,NO ACTION,
A0398,0.0221,0,,NO ACTION,
A0440,0.02,0,,NO ACTION,
A0075,0.0158,0,,NO ACTION,
A0245,0.0151,0,,NO ACTION,
A0479,0.0144,0,,NO ACTION,
A0234,0.0142,0,,NO ACTION,
A0468,0.0071,0,,NO ACTION,
A0074,0.0068,0,,NO ACTION,
A0023,0.0063,0,,NO ACTION,
A0290,0.0054,0,,NO ACTION,
A0355,0.0054,0,,NO ACTION,
A0081,0.0054,0,,NO ACTION,
A0325,0.0051,0,,NO ACTION,
A0267,0.0043,0,,NO ACTION,
A0043,0.0033,0,,NO ACTION,
A0236,0.0029,0,,NO ACTION,
A0467,0.0029,0,,NO ACTION,
A0143,0.0027,0,,NO ACTION,
A0327,0.0027,0,,NO ACTION,
A0420,0.0022,0,,NO ACTION,
A0055,0.0018,0,,NO ACTION,
A0400,0.0018,0,,NO ACTION,
A0152,0.0017,0,,NO ACTION,
A0451,0.0017,0,,NO ACTION,
A0024,0.0016,0,,NO ACTION,
A0067,0.0016,0,,NO ACTION,
A0332,0.0015,0,,NO ACTION,
A0311,0.0015,0,,NO ACTION,
A0144,0.0014,0,,NO ACTION,
A0102,0.0014,0,,NO ACTION,
A0281,0.0013,0,,NO ACTION,
A0158,0.0013,0,,NO ACTION,
A0428,0.0012,0,,NO ACTION,
A0164,0.0012,0,,NO ACTION,
A0373,0.0012,0,,NO ACTION,
A0496,0.0012,0,,NO ACTION,
A0370,0.0011,0,,NO ACTION,
A0107,0.0011,0,,NO ACTION,
A0206,0.001,0,,NO ACTION,
A0296,0.001,0,,NO ACTION,
A0238,0.001,0,,NO ACTION,
A0497,0.001,0,,NO ACTION,
A0005,0.0009,0,,NO ACTION,
A0380,0.0009,0,,NO ACTION,
A0183,0.0009,0,,NO ACTION,
A0402,0.0009,0,,NO ACTION,
A0470,0.0009,0,,NO ACTION,
A0478,0.0008,0,,NO ACTION,
A0424,0.0008,0,,NO ACTION,
A0259,0.0008,0,,NO ACTION,
A0118,0.0008,0,,NO ACTION,
A0377,0.0007,0,,NO ACTION,
A0363,0.0007,0,,NO ACTION,
A0348,0.0007,0,,NO ACTION,
A0223,0.0007,0,,NO ACTION,
A0263,0.0007,0,,NO ACTION,
A0342,0.0007,0,,NO ACTION,
A0048,0.0007,0,,NO ACTION,
A0221,0.0007,0,,NO ACTION,
A0027,0.0007,0,,NO ACTION,
A0329,0.0007,0,,NO ACTION,
A0037,0.0006,0,,NO ACTION,
A0096,0.0006,0,,NO ACTION,
A0124,0.0006,0,,NO ACTION,
A0126,0.0006,0,,NO ACTION,
A0160,0.0006,0,,NO ACTION,
A0167,0.0006,0,,NO ACTION,
A0255,0.0006,0,,NO ACTION,
A0258,0.0006,0,,NO ACTION,
A0304,0.0006,0,,NO ACTION,
A0331,0.0006,0,,NO ACTION,
A0372,0.0006,0,,NO ACTION,
A0375,0.0006,0,,NO ACTION,
A0406,0.0006,0,,NO ACTION,
A0450,0.0006,0,,NO ACTION,
A0475,0.0006,0,,NO ACTION,
A0476,0.0006,0,,NO ACTION,
A0030,0.0006,0,,NO ACTION,
A0318,0.0005,0,,NO ACTION,
A0449,0.0005,0,,NO ACTION,
A0252,0.0005,0,,NO ACTION,
A0242,0.0005,0,,NO ACTION,
A0225,0.0005,0,,NO ACTION,
A0384,0.0005,0,,NO ACTION,
A0175,0.0005,0,,NO ACTION,
A0117,0.0005,0,,NO ACTION,
A0103,0.0005,0,,NO ACTION,
A0115,0.0005,0,,NO ACTION,
A0099,0.0005,0,,NO ACTION,
A0052,0.0005,0,,NO ACTION,
A0020,0.0005,0,,NO ACTION,
A0277,0.0005,0,,NO ACTION,
A0010,0.0005,0,,NO ACTION,
A0121,0.0004,0,,NO ACTION,
A0131,0.0004,0,,NO ACTION,
A0137,0.0004,0,,NO ACTION,
A0140,0.0004,0,,NO ACTION,
A0197,0.0004,0,,NO ACTION,
A0199,0.0004,0,,NO ACTION,
A0257,0.0004,0,,NO ACTION,
A0308,0.0004,0,,NO ACTION,
A0368,0.0004,0,,NO ACTION,
A0396,0.0004,0,,NO ACTION,
A0413,0.0004,0,,NO ACTION,
A0469,0.0004,0,,NO ACTION,
A0480,0.0004,0,,NO ACTION,
A0481,0.0004,0,,NO ACTION,
A0486,0.0004,0,,NO ACTION,
A0488,0.0004,0,,NO ACTION,
A0018,0.0004,0,,NO ACTION,
A0477,0.0003,0,,NO ACTION,
A0487,0.0003,0,,NO ACTION,
A0494,0.0003,0,,NO ACTION,
A0324,0.0003,0,,NO ACTION,
A0293,0.0003,0,,NO ACTION,
A0465,0.0003,0,,NO ACTION,
A0244,0.0003,0,,NO ACTION,
A0243,0.0003,0,,NO ACTION,
A0219,0.0003,0,,NO ACTION,
A0211,0.0003,0,,NO ACTION,
A0208,0.0003,0,,NO ACTION,
A0207,0.0003,0,,NO ACTION,
A0205,0.0003,0,,NO ACTION,
A0280,0.0003,0,,NO ACTION,
A0493,0.0003,0,,NO ACTION,
A0141,0.0003,0,,NO ACTION,
A0113,0.0003,0,,NO ACTION,
A0122,0.0003,0,,NO ACTION,
A0110,0.0003,0,,NO ACTION,
A0091,0.0003,0,,NO ACTION,
A0089,0.0003,0,,NO ACTION,
A0111,0.0003,0,,NO ACTION,
A0066,0.0003,0,,NO ACTION,
A0034,0.0003,0,,NO ACTION,
A0025,0.0003,0,,NO ACTION,
A0026,0.0003,0,,NO ACTION,
A0012,0.0003,0,,NO ACTION,
A0009,0.0003,0,,NO ACTION,
A0006,0.0003,0,,NO ACTION,
A0003,0.0003,0,,NO ACTION,
A0357,0.0003,0,,NO ACTION,
A0347,0.0003,0,,NO ACTION,
A0336,0.0003,0,,NO ACTION,
A0328,0.0003,0,,NO ACTION,
A0326,0.0003,0,,NO ACTION,
A0439,0.0003,0,,NO ACTION,
A0436,0.0003,0,,NO ACTION,
A0417,0.0003,0,,NO ACTION,
A0412,0.0003,0,,NO ACTION,
A0410,0.0003,0,,NO ACTION,
A0409,0.0003,0,,NO ACTION,
A0407,0.0003,0,,NO ACTION,
A0391,0.0003,0,,NO ACTION,
A0383,0.0003,0,,NO ACTION,
A0369,0.0003,0,,NO ACTION,
A0170,0.0003,0,,NO ACTION,
A0463,0.0003,0,,NO ACTION,
A0456,0.0003,0,,NO ACTION,
A0453,0.0003,0,,NO ACTION,
A0447,0.0003,0,,NO ACTION,
A0441,0.0003,0,,NO ACTION,
A0366,0.0003,0,,NO ACTION,
A0445,0.0002,0,,NO ACTION,
A0446,0.0002,0,,NO ACTION,
A0426,0.0002,0,,NO ACTION,
A0437,0.0002,0,,NO ACTION,
A0435,0.0002,0,,NO ACTION,
A0427,0.0002,0,,NO ACTION,
A0414,0.0002,0,,NO ACTION,
A0422,0.0002,0,,NO ACTION,
A0411,0.0002,0,,NO ACTION,
A0444,0.0002,0,,NO ACTION,
A0442,0.0002,0,,NO ACTION,
A0499,0.0002,0,,NO ACTION,
A0491,0.0002,0,,NO ACTION,
A0466,0.0002,0,,NO ACTION,
A0457,0.0002,0,,NO ACTION,
A0101,0.0002,0,,NO ACTION,
A0093,0.0002,0,,NO ACTION,
A0100,0.0002,0,,NO ACTION,
A0065,0.0002,0,,NO ACTION,
A0073,0.0002,0,,NO ACTION,
A0076,0.0002,0,,NO ACTION,
A0088,0.0002,0,,NO ACTION,
A0090,0.0002,0,,NO ACTION,
A0019,0.0002,0,,NO ACTION,
A0064,0.0002,0,,NO ACTION,
A0050,0.0002,0,,NO ACTION,
A0180,0.0002,0,,NO ACTION,
A0166,0.0002,0,,NO ACTION,
A0157,0.0002,0,,NO ACTION,
A0155,0.0002,0,,NO ACTION,
A0154,0.0002,0,,NO ACTION,
A0153,0.0002,0,,NO ACTION,
A0147,0.0002,0,,NO ACTION,
A0146,0.0002,0,,NO ACTION,
A0145,0.0002,0,,NO ACTION,
A0138,0.0002,0,,NO ACTION,
A0129,0.0002,0,,NO ACTION,
A0123,0.0002,0,,NO ACTION,
A0120,0.0002,0,,NO ACTION,
A0116,0.0002,0,,NO ACTION,
A0114,0.0002,0,,NO ACTION,
A0104,0.0002,0,,NO ACTION,
A0288,0.0002,0,,NO ACTION,
A0286,0.0002,0,,NO ACTION,
A0283,0.0002,0,,NO ACTION,
A0274,0.0002,0,,NO ACTION,
A0273,0.0002,0,,NO ACTION,
A0268,0.0002,0,,NO ACTION,
A0260,0.0002,0,,NO ACTION,
A0250,0.0002,0,,NO ACTION,
A0240,0.0002,0,,NO ACTION,
A0239,0.0002,0,,NO ACTION,
A0200,0.0002,0,,NO ACTION,
A0196,0.0002,0,,NO ACTION,
A0194,0.0002,0,,NO ACTION,
A0193,0.0002,0,,NO ACTION,
A0192,0.0002,0,,NO ACTION,
A0185,0.0002,0,,NO ACTION,
A0403,0.0002,0,,NO ACTION,
A0399,0.0002,0,,NO ACTION,
A0393,0.0002,0,,NO ACTION,
A0367,0.0002,0,,NO ACTION,
A0360,0.0002,0,,NO ACTION,
A0356,0.0002,0,,NO ACTION,
A0353,0.0002,0,,NO ACTION,
A0349,0.0002,0,,NO ACTION,
A0343,0.0002,0,,NO ACTION,
A0340,0.0002,0,,NO ACTION,
A0338,0.0002,0,,NO ACTION,
A0322,0.0002,0,,NO ACTION,
A0307,0.0002,0,,NO ACTION,
A0301,0.0002,0,,NO ACTION,
A0298,0.0002,0,,NO ACTION,
A0291,0.0002,0,,NO ACTION,
A0008,0.0001,0,,NO ACTION,
A0007,0.0001,0,,NO ACTION,
A0004,0.0001,0,,NO ACTION,
A0002,0.0001,0,,NO ACTION,
A0017,0.0001,0,,NO ACTION,
A0028,0.0001,0,,NO ACTION,
A0032,0.0001,0,,NO ACTION,
A0033,0.0001,0,,NO ACTION,
A0016,0.0001,0,,NO ACTION,
A0015,0.0001,0,,NO ACTION,
A0013,0.0001,0,,NO ACTION,
A0011,0.0001,0,,NO ACTION,
A0094,0.0001,0,,NO ACTION,
A0095,0.0001,0,,NO ACTION,
A0108,0.0001,0,,NO ACTION,
A0112,0.0001,0,,NO ACTION,
A0085,0.0001,0,,NO ACTION,
A0086,0.0001,0,,NO ACTION,
A0087,0.0001,0,,NO ACTION,
A0092,0.0001,0,,NO ACTION,
A0119,0.0001,0,,NO ACTION,
A0125,0.0001,0,,NO ACTION,
A0127,0.0001,0,,NO ACTION,
A0128,0.0001,0,,NO ACTION,
A0084,0.0001,0,,NO ACTION,
A0078,0.0001,0,,NO ACTION,
A0077,0.0001,0,,NO ACTION,
A0071,0.0001,0,,NO ACTION,
A0070,0.0001,0,,NO ACTION,
A0063,0.0001,0,,NO ACTION,
A0062,0.0001,0,,NO ACTION,
A0061,0.0001,0,,NO ACTION,
A0060,0.0001,0,,NO ACTION,
A0059,0.0001,0,,NO ACTION,
A0058,0.0001,0,,NO ACTION,
A0056,0.0001,0,,NO ACTION,
A0053,0.0001,0,,NO ACTION,
A0051,0.0001,0,,NO ACTION,
A0046,0.0001,0,,NO ACTION,
A0044,0.0001,0,,NO ACTION,
A0042,0.0001,0,,NO ACTION,
A0040,0.0001,0,,NO ACTION,
A0039,0.0001,0,,NO ACTION,
A0035,0.0001,0,,NO ACTION,
A0227,0.0001,0,,NO ACTION,
A0220,0.0001,0,,NO ACTION,
A0218,0.0001,0,,NO ACTION,
A0217,0.0001,0,,NO ACTION,
A0216,0.0001,0,,NO ACTION,
A0215,0.0001,0,,NO ACTION,
A0210,0.0001,0,,NO ACTION,
A0209,0.0001,0,,NO ACTION,
A0203,0.0001,0,,NO ACTION,
A0202,0.0001,0,,NO ACTION,
A0201,0.0001,0,,NO ACTION,
A0198,0.0001,0,,NO ACTION,
A0191,0.0001,0,,NO ACTION,
A0190,0.0001,0,,NO ACTION,
A0188,0.0001,0,,NO ACTION,
A0187,0.0001,0,,NO ACTION,
A0186,0.0001,0,,NO ACTION,
A0184,0.0001,0,,NO ACTION,
A0181,0.0001,0,,NO ACTION,
A0178,0.0001,0,,NO ACTION,
A0177,0.0001,0,,NO ACTION,
A0176,0.0001,0,,NO ACTION,
A0174,0.0001,0,,NO ACTION,
A0169,0.0001,0,,NO ACTION,
A0162,0.0001,0,,NO ACTION,
A0161,0.0001,0,,NO ACTION,
A0151,0.0001,0,,NO ACTION,
A0150,0.0001,0,,NO ACTION,
A0149,0.0001,0,,NO ACTION,
A0136,0.0001,0,,NO ACTION,
A0132,0.0001,0,,NO ACTION,
A0130,0.0001,0,,NO ACTION,
A0339,0.0001,0,,NO ACTION,
A0344,0.0001,0,,NO ACTION,
A0345,0.0001,0,,NO ACTION,
A0346,0.0001,0,,NO ACTION,
A0350,0.0001,0,,NO ACTION,
A0351,0.0001,0,,NO ACTION,
A0352,0.0001,0,,NO ACTION,
A0359,0.0001,0,,NO ACTION,
A0364,0.0001,0,,NO ACTION,
A0371,0.0001,0,,NO ACTION,
A0374,0.0001,0,,NO ACTION,
A0382,0.0001,0,,NO ACTION,
A0385,0.0001,0,,NO ACTION,
A0388,0.0001,0,,NO ACTION,
A0389,0.0001,0,,NO ACTION,
A0390,0.0001,0,,NO ACTION,
A0392,0.0001,0,,NO ACTION,
A0394,0.0001,0,,NO ACTION,
A0395,0.0001,0,,NO ACTION,
A0397,0.0001,0,,NO ACTION,
A0401,0.0001,0,,NO ACTION,
A0405,0.0001,0,,NO ACTION,
A0408,0.0001,0,,NO ACTION,
A0415,0.0001,0,,NO ACTION,
A0416,0.0001,0,,NO ACTION,
A0419,0.0001,0,,NO ACTION,
A0423,0.0001,0,,NO ACTION,
A0429,0.0001,0,,NO ACTION,
A0430,0.0001,0,,NO ACTION,
A0432,0.0001,0,,NO ACTION,
A0433,0.0001,0,,NO ACTION,
A0434,0.0001,0,,NO ACTION,
A0228,0.0001,0,,NO ACTION,
A0229,0.0001,0,,NO ACTION,
A0231,0.0001,0,,NO ACTION,
A0235,0.0001,0,,NO ACTION,
A0237,0.0001,0,,NO ACTION,
A0241,0.0001,0,,NO ACTION,
A0251,0.0001,0,,NO ACTION,
A0253,0.0001,0,,NO ACTION,
A0265,0.0001,0,,NO ACTION,
A0266,0.0001,0,,NO ACTION,
A0269,0.0001,0,,NO ACTION,
A0270,0.0001,0,,NO ACTION,
A0271,0.0001,0,,NO ACTION,
A0275,0.0001,0,,NO ACTION,
A0285,0.0001,0,,NO ACTION,
A0294,0.0001,0,,NO ACTION,
A0297,0.0001,0,,NO ACTION,
A0299,0.0001,0,,NO ACTION,
A0300,0.0001,0,,NO ACTION,
A0302,0.0001,0,,NO ACTION,
A0303,0.0001,0,,NO ACTION,
A0310,0.0001,0,,NO ACTION,
A0312,0.0001,0,,NO ACTION,
A0316,0.0001,0,,NO ACTION,
A0319,0.0001,0,,NO ACTION,
A0320,0.0001,0,,NO ACTION,
A0321,0.0001,0,,NO ACTION,
A0323,0.0001,0,,NO ACTION,
A0330,0.0001,0,,NO ACTION,
A0333,0.0001,0,,NO ACTION,
A0334,0.0001,0,,NO ACTION,
A0335,0.0001,0,,NO ACTION,
A0448,0.0001,0,,NO ACTION,
A0452,0.0001,0,,NO ACTION,
A0454,0.0001,0,,NO ACTION,
A0458,0.0001,0,,NO ACTION,
A0459,0.0001,0,,NO ACTION,
A0460,0.0001,0,,NO ACTION,
A0461,0.0001,0,,NO ACTION,
A0464,0.0001,0,,NO ACTION,
A0471,0.0001,0,,NO ACTION,
A0472,0.0001,0,,NO ACTION,
A0473,0.0001,0,,NO ACTION,
A0474,0.0001,0,,NO ACTION,
A0482,0.0001,0,,NO ACTION,
A0483,0.0001,0,,NO ACTION,
A0490,0.0001,0,,NO ACTION,
A0495,0.0001,0,,NO ACTION,
A0498,0.0001,0,,NO ACTION,
A0295,0.0,0,,NO ACTION,
A0305,0.0,0,,NO ACTION,
A0306,0.0,0,,NO ACTION,
A0165,0.0,0,,NO ACTION,
A0172,0.0,0,,NO ACTION,
A0179,0.0,0,,NO ACTION,
A0182,0.0,0,,NO ACTION,
A0195,0.0,0,,NO ACTION,
A0204,0.0,0,,NO ACTION,
A0214,0.0,0,,NO ACTION,
A0224,0.0,0,,NO ACTION,
A0226,0.0,0,,NO ACTION,
A0230,0.0,0,,NO ACTION,
A0254,0.0,0,,NO ACTION,
A0264,0.0,0,,NO ACTION,
A0159,0.0,0,,NO ACTION,
A0156,0.0,0,,NO ACTION,
A0142,0.0,0,,NO ACTION,
A0133,0.0,0,,NO ACTION,
A0098,0.0,0,,NO ACTION,
A0080,0.0,0,,NO ACTION,
A0079,0.0,0,,NO ACTION,
A0072,0.0,0,,NO ACTION,
A0068,0.0,0,,NO ACTION,
A0054,0.0,0,,NO ACTION,
A0047,0.0,0,,NO ACTION,
A0038,0.0,0,,NO ACTION,
A0272,0.0,0,,NO ACTION,
A0287,0.0,0,,NO ACTION,
A0289,0.0,0,,NO ACTION,
A0292,0.0,0,,NO ACTION,
A0163,0.0,0,,NO ACTION,
A0014,0.0,0,,NO ACTION,
A0021,0.0,0,,NO ACTION,
A0022,0.0,0,,NO ACTION,
A0036,0.0,0,,NO ACTION,
A0309,0.0,0,,NO ACTION,
A0313,0.0,0,,NO ACTION,
A0315,0.0,0,,NO ACTION,
A0358,0.0,0,,NO ACTION,
A0378,0.0,0,,NO ACTION,
A0379,0.0,0,,NO ACTION,
A0421,0.0,0,,NO ACTION,
A0425,0.0,0,,NO ACTION,
A0443,0.0,0,,NO ACTION,
A0485,0.0,0,,NO ACTION,
A0489,0.0,0,,NO ACTION,
