account_id,account_score,flagged_txns
R006,0.9999799,12
R008,0.999973,12
R003,0.99996275,12
A0041,0.9999573,3
R002,0.9999545,12
R009,0.99995404,12
A0249,0.99995154,3
R007,0.9999502,12
R004,0.9999487,12
A0418,0.99994373,3
R005,0.9999421,12
A0261,0.9999242,3
A0246,0.99991626,3
R000,0.99991536,12
A0361,0.9998792,3
A0232,0.9998727,3
R001,0.9998711,12
A0262,0.9998701,3
A0365,0.9998401,3
A0083,0.9998379,3
A0492,0.999831,3
A0284,0.99982595,3
A0438,0.9997297,3
A0135,0.9996851,3
A0431,0.99968433,3
A0314,0.99968076,3
A0222,0.99965405,3
A0278,0.6677682,2
A0097,0.66713625,2
A0354,0.6668019,2
A0404,0.6667231,2
A0082,0.6666741,2
A0168,0.6666715,2
A0462,0.6666704,2
A0282,0.66665447,2
A0341,0.66661936,2
A0173,0.66661346,2
A0247,0.666596,2
A0256,0.6665693,2
A0069,0.66654927,2
A0001,0.6663309,2
A0045,0.33414695,1
A0049,0.3341069,1
A0139,0.33342138,1
A0337,0.33338788,1
A0386,0.33337387,1
A0381,0.3333405,1
A0134,0.33328092,1
A0276,0.33313182,1
A0248,0.3325671,1
A0451,0.30746564,1
A0373,0.21212856,1
A0387,0.15439807,1
A0109,0.12202537,0
A0102,0.067898095,0
A0000,0.06578105,0
A0484,0.0618736,0
A0105,0.061779752,0
A0031,0.04138674,0
A0311,0.03730116,0
A0189,0.03166006,0
A0067,0.027307749,0
A0055,0.026032282,0
A0074,0.026032174,0
A0234,0.020670993,0
A0491,0.014750153,0
A0332,0.01227546,0
A0325,0.0100721875,0
A0267,0.0091626635,0
A0362,0.008048172,0
A0279,0.0062884963,0
A0171,0.0060809306,0
A0221,0.006031117,0
A0148,0.0060117655,0
A0212,0.005618481,0
A0183,0.0055868793,0
A0376,0.0051020817,0
A0175,0.0043419558,0
A0317,0.0042850724,0
A0468,0.0037702788,0
A0275,0.0034238044,0
A0158,0.0034056623,0
A0106,0.0030788386,0
A0470,0.0030101289,0
A0331,0.0029913858,0
A0034,0.0027959354,0
A0081,0.0026522658,0
A0366,0.002595782,0
A0370,0.0025265191,0
A0290,0.0025192767,0
A0024,0.0024956854,0
A0257,0.0024790284,0
A0440,0.0024322446,0
A0233,0.0024130335,0
A0318,0.002373588,0
A0398,0.002225196,0
A0476,0.0021714433,0
A0023,0.0021375061,0
A0126,0.0020903733,0
A0122,0.0020805763,0
A0057,0.0018036296,0
A0167,0.0017472653,0
A0455,0.0016977708,0
A0327,0.0016895207,0
A0467,0.0016883332,0
A0488,0.0016581995,0
A0479,0.0016030823,0
A0223,0.0015638871,0
A0010,0.0015179937,0
A0213,0.0014889156,0
A0359,0.001431378,0
A0107,0.0013912673,0
A0357,0.0013851468,0
A0258,0.0013783664,0
A0340,0.0013578773,0
A0281,0.0013572293,0
A0496,0.0012993936,0
A0447,0.0012024468,0
A0187,0.0011991891,0
A0400,0.0011054634,0
A0225,0.0010820037,0
A0396,0.0010402799,0
A0368,0.001038471,0
A0136,0.0010114098,0
A0273,0.0009796376,0
A0113,0.0009488538,0
A0286,0.00094108115,0
A0110,0.00089125725,0
A0084,0.0008793058,0
A0141,0.0008207215,0
A0164,0.0008198636,0
A0200,0.0008099249,0
A0300,0.00079664943,0
A0215,0.0007891387,0
A0117,0.0007707921,0
A0116,0.00075574644,0
A0100,0.00075089425,0
A0236,0.0007497628,0
A0137,0.00073801196,0
A0461,0.00072099007,0
A0194,0.0007159717,0
A0043,0.00070537045,0
A0124,0.0007024053,0
A0006,0.0006871544,0
A0259,0.00067800254,0
A0326,0.00067357486,0
A0240,0.00066486903,0
A0436,0.0006631375,0
A0099,0.0006597967,0
A0196,0.0006506988,0
A0403,0.0006360099,0
A0426,0.0006266255,0
A0441,0.000611977,0
A0458,0.0005905398,0
A0014,0.00054670754,0
A0483,0.0005375388,0
A0011,0.00053282245,0
A0480,0.0005241689,0
A0245,0.0005173899,0
A0304,0.00051687355,0
A0121,0.0005013219,0
A0407,0.0005011766,0
A0180,0.00048912864,0
A0035,0.0004846345,0
A0197,0.00048277972,0
A0090,0.00046542715,0
A0103,0.0004487826,0
A0460,0.00044092562,0
A0437,0.0004335826,0
A0308,0.0004334983,0
A0025,0.0004250052,0
A0356,0.00042161116,0
A0153,0.00042061612,0
A0303,0.00041885188,0
A0140,0.00041442,0
A0026,0.00041011217,0
A0450,0.00040937986,0
A0296,0.00040426746,0
A0342,0.00039404168,0
A0320,0.00039099538,0
A0004,0.00039005213,0
A0319,0.00038601222,0
A0091,0.00038070884,0
A0384,0.00037419287,0
A0339,0.00036887967,0
A0449,0.00036565386,0
A0383,0.00036494504,0
A0005,0.00036012812,0
A0160,0.00035982835,0
A0219,0.00035594773,0
A0333,0.00035487933,0
A0129,0.00035006064,0
A0456,0.00034631565,0
A0182,0.0003441424,0
A0118,0.00034333827,0
A0186,0.00034227865,0
A0424,0.00033554094,0
A0007,0.00033217957,0
A0316,0.00033204732,0
A0094,0.00032590097,0
A0413,0.00032500588,0
A0142,0.0003151641,0
A0211,0.0003136221,0
A0036,0.00031326755,0
A0420,0.00031272697,0
A0347,0.0003081231,0
A0119,0.00030793776,0
A0201,0.0003070219,0
A0475,0.00030516693,0
A0169,0.00030403349,0
A0125,0.00029047465,0
A0131,0.00029034293,0
A0028,0.0002886032,0
A0205,0.00028783802,0
A0312,0.0002872422,0
A0433,0.00028486273,0
A0037,0.00028364328,0
A0428,0.00028087708,0
A0298,0.00027695103,0
A0016,0.0002717568,0
A0052,0.00027158324,0
A0473,0.00026818595,0
A0377,0.00026738175,0
A0195,0.00026389962,0
A0161,0.0002621323,0
A0477,0.00025976353,0
A0064,0.00025720507,0
A0490,0.00025699098,0
A0453,0.00025573323,0
A0029,0.00025512223,0
A0380,0.0002549533,0
A0394,0.00025432385,0
A0003,0.0002535493,0
A0423,0.00025197002,0
A0481,0.00025053378,0
A0466,0.00024823888,0
A0405,0.0002480422,0
A0238,0.00024414455,0
A0336,0.0002418143,0
A0009,0.00023799202,0
A0435,0.00022992434,0
A0088,0.00022916972,0
A0039,0.00022876893,0
A0464,0.0002287668,0
A0079,0.00022787407,0
A0355,0.00022452245,0
A0463,0.00022386033,0
A0066,0.00022250549,0
A0032,0.00022029977,0
A0163,0.00021976273,0
A0208,0.00021927415,0
A0360,0.00021817842,0
A0190,0.00021600303,0
A0086,0.00021583548,0
A0497,0.0002154777,0
A0409,0.00021414542,0
A0348,0.00021323968,0
A0042,0.00021317357,0
A0280,0.00021195896,0
A0209,0.00020970641,0
A0206,0.00020908244,0
A0207,0.00020845125,0
A0469,0.00020705104,0
A0089,0.00020687057,0
A0022,0.00020633194,0
A0375,0.00020366085,0
A0493,0.00020248798,0
A0406,0.00020188863,0
A0338,0.00019906386,0
A0111,0.00019763091,0
A0427,0.00019678444,0
A0145,0.0001963129,0
A0487,0.00019577582,0
A0297,0.000195514,0
A0345,0.00019510718,0
A0402,0.00019039189,0
A0199,0.00018880714,0
A0235,0.00018861383,0
A0410,0.0001879441,0
A0076,0.00018672326,0
A0419,0.00018562899,0
A0422,0.00018445293,0
A0465,0.00018435535,0
A0399,0.0001814351,0
A0372,0.00017893485,0
A0114,0.00017869465,0
A0020,0.00017471501,0
A0154,0.00017430286,0
A0096,0.00017371628,0
A0478,0.00017369015,0
A0299,0.00017316367,0
A0251,0.00017127734,0
A0015,0.00017102443,0
A0188,0.0001709002,0
A0242,0.0001703456,0
A0157,0.0001678805,0
A0138,0.00016628235,0
A0253,0.0001661706,0
A0166,0.0001652667,0
A0289,0.00016474463,0
A0392,0.00016472822,0
A0352,0.00016381538,0
A0123,0.00016177466,0
A0059,0.00016044012,0
A0072,0.00015653986,0
A0271,0.00015528614,0
A0144,0.00015447316,0
A0155,0.00015220545,0
A0252,0.00015208164,0
A0143,0.0001513181,0
A0054,0.00014945253,0
A0120,0.00014926003,0
A0078,0.00014886893,0
A0439,0.00014809027,0
A0414,0.00014806956,0
A0457,0.0001477105,0
A0277,0.00014613032,0
A0343,0.00014452072,0
A0056,0.00014417229,0
A0274,0.00014342826,0
A0230,0.00014322353,0
A0443,0.00014296923,0
A0283,0.00014262191,0
A0411,0.00014189117,0
A0165,0.00014080085,0
A0191,0.00014064279,0
A0454,0.00013987893,0
A0393,0.00013926311,0
A0151,0.0001390675,0
A0432,0.00013882168,0
A0133,0.0001381784,0
A0044,0.00013666278,0
A0231,0.00013623312,0
A0244,0.00013562584,0
A0288,0.00013558693,0
A0051,0.00013500302,0
A0220,0.0001323484,0
A0176,0.000131839,0
A0019,0.00013113183,0
A0243,0.00013080426,0
A0241,0.00013015814,0
A0417,0.00012986858,0
A0179,0.00012976814,0
A0499,0.00012951203,0
A0301,0.00012942425,0
A0012,0.00012880108,0
A0378,0.00012694932,0
A0017,0.00012607848,0
A0181,0.00012588732,0
A0237,0.00012540653,0
A0073,0.00012539286,0
A0152,0.00012533594,0
A0293,0.00012473257,0
A0053,0.00012361888,0
A0250,0.00012276314,0
A0062,0.00012261631,0
A0224,0.00012258373,0
A0239,0.00012182503,0
A0108,0.00012111173,0
A0210,0.00012103873,0
A0363,0.000120050296,0
A0048,0.00011869971,0
A0077,0.00011835806,0
A0486,0.00011827447,0
A0494,0.0001173656,0
A0008,0.00011654727,0
A0367,0.00011629728,0
A0351,0.00011606468,0
A0306,0.000115332856,0
A0268,0.000114352275,0
A0263,0.00011359722,0
A0184,0.000112600064,0
A0203,0.000112114474,0
A0185,0.00011095457,0
A0346,0.000110541405,0
A0334,0.0001103669,0
A0291,0.00010999361,0
A0330,0.00010959214,0
A0382,0.00010854829,0
A0379,0.00010791703,0
A0104,0.00010772448,0
A0269,0.00010757568,0
A0329,0.00010689446,0
A0385,0.0001058171,0
A0302,0.00010549822,0
A0412,0.00010480357,0
A0040,0.00010457509,0
A0307,0.00010386397,0
A0452,0.00010107617,0
A0389,0.00010087537,0
A0260,0.00010047372,0
A0149,0.00010038229,0
A0217,9.991805e-05,0
A0495,9.984326e-05,0
A0162,9.970192e-05,0
A0061,9.916053e-05,0
A0401,9.91591e-05,0
A0485,9.883273e-05,0
A0472,9.850715e-05,0
A0390,9.8281394e-05,0
A0229,9.7941964e-05,0
A0150,9.742211e-05,0
A0095,9.706102e-05,0
A0395,9.691896e-05,0
A0459,9.60982e-05,0
A0305,9.452468e-05,0
A0174,9.3643735e-05,0
A0353,9.3210605e-05,0
A0445,9.303723e-05,0
A0178,9.259445e-05,0
A0321,9.193502e-05,0
A0415,9.192224e-05,0
A0050,9.14986e-05,0
A0358,9.145606e-05,0
A0130,9.0980415e-05,0
A0430,9.059614e-05,0
A0170,9.058757e-05,0
A0315,8.94719e-05,0
A0322,8.8837776e-05,0
A0101,8.8146015e-05,0
A0324,8.8034045e-05,0
A0030,8.702458e-05,0
A0218,8.675706e-05,0
A0416,8.6181426e-05,0
A0085,8.5348474e-05,0
A0226,8.495041e-05,0
A0177,8.491673e-05,0
A0313,8.3400315e-05,0
A0128,8.299908e-05,0
A0216,8.295573e-05,0
A0448,8.293183e-05,0
A0063,8.243084e-05,0
A0425,8.2311395e-05,0
A0018,8.084732e-05,0
A0112,8.056231e-05,0
A0013,7.977583e-05,0
A0471,7.926031e-05,0
A0115,7.9125224e-05,0
A0369,7.904799e-05,0
A0060,7.869893e-05,0
A0397,7.741842e-05,0
A0228,7.6917546e-05,0
A0349,7.6394965e-05,0
A0065,7.634718e-05,0
A0371,7.619692e-05,0
A0058,7.6065655e-05,0
A0294,7.573742e-05,0
A0132,7.556013e-05,0
A0146,7.518341e-05,0
A0310,7.4981945e-05,0
A0075,7.472563e-05,0
A0214,7.454914e-05,0
A0421,7.430432e-05,0
A0198,7.391084e-05,0
A0021,7.332258e-05,0
A0328,7.3100025e-05,0
A0388,7.3090654e-05,0
A0287,7.1640556e-05,0
A0080,7.0671544e-05,0
A0446,6.990444e-05,0
A0087,6.9022826e-05,0
A0272,6.78713e-05,0
A0444,6.78008e-05,0
A0156,6.67461e-05,0
A0364,6.6622124e-05,0
A0098,6.616186e-05,0
A0172,6.609083e-05,0
A0068,6.5360895e-05,0
A0255,6.464944e-05,0
A0442,6.4530046e-05,0
A0350,6.410482e-05,0
A0266,6.407576e-05,0
A0002,6.3839434e-05,0
A0227,6.2699495e-05,0
A0092,6.180483e-05,0
A0434,6.12028e-05,0
A0254,6.0606228e-05,0
A0027,6.056122e-05,0
A0498,6.0186354e-05,0
A0046,6.0065086e-05,0
A0127,5.9395516e-05,0
A0264,5.8547623e-05,0
A0202,5.774543e-05,0
A0204,5.6543187e-05,0
A0033,5.594701e-05,0
A0047,5.572842e-05,0
A0323,5.3976724e-05,0
A0482,5.3792483e-05,0
A0147,5.3570755e-05,0
A0429,5.223592e-05,0
A0335,5.1692e-05,0
A0265,5.1440205e-05,0
A0344,4.9738257e-05,0
A0408,4.911775e-05,0
A0070,4.8013244e-05,0
A0374,4.682978e-05,0
A0285,4.5374836e-05,0
A0071,4.519979e-05,0
A0292,4.38347e-05,0
A0193,4.232144e-05,0
A0489,4.086323e-05,0
A0159,4.0837807e-05,0
A0270,4.045703e-05,0
A0309,4.033979e-05,0
A0391,3.996499e-05,0
A0192,3.6586043e-05,0
A0038,3.6334295e-05,0
A0474,3.451896e-05,0
A0295,3.0837662e-05,0
A0093,2.923084e-05,0
